"customer.id","total_items_purchased","avg_item_sale_price","customer.state","age","birthday.month","years.as.member","in.store.exp","selection"
"C40000",4,79.71,"MA",31,"10",0,NA,NA
"C40002",5,65.97,"MA",33,"3",0,NA,NA
"C40003",2,41.845,"VT",35,"8",1,NA,NA
"C40004",1,56.25,"MA",26,"6",0,NA,NA
"C40005",2,16.385,"MA",73,"7",0,"4 Somewhat Satisfied","5 Very Satisfied"
"C40006",8,38.22125,"VT",70,"1",5,"5 Very Satisfied","4 Somewhat Satisfied"
"C40007",4,60.7275,"VT",26,"11",0,"5 Very Satisfied","3 Neutral"
"C40010",6,49.2566666666667,"MA",43,"8",5,NA,NA
"C40011",2,44.105,"MA",22,"1",0,NA,NA
"C40014",1,101.76,"VT",45,"2",3,"4 Somewhat Satisfied","4 Somewhat Satisfied"
"C40017",10,19.977,"MA",72,"10",0,NA,NA
"C40018",2,48.395,"MA",34,"1",2,NA,NA
"C40019",1,36,"VT",36,"3",4,NA,NA
"C40021",5,91.48,"VT",31,"2",3,NA,NA
"C40023",4,68.4175,"MA",35,"5",1,"5 Very Satisfied","5 Very Satisfied"
"C40024",7,67.65,"MA",49,"12",0,"5 Very Satisfied","5 Very Satisfied"
"C40025",8,66.6475,"RI",26,"10",0,NA,NA
"C40026",9,36.6277777777778,"CT",40,"9",2,NA,NA
"C40029",3,47.9033333333333,"MA",24,"10",0,NA,NA
"C40031",9,72.1311111111111,"CT",35,"4",0,"4 Somewhat Satisfied","3 Neutral"
"C40033",6,60.285,"MA",22,"2",1,NA,NA
"C40034",9,72.6111111111111,"VT",74,"4",5,"5 Very Satisfied","4 Somewhat Satisfied"
"C40035",1,49.14,"VT",34,"9",3,"4 Somewhat Satisfied","5 Very Satisfied"
"C40037",3,99,"CA",38,"12",4,"5 Very Satisfied","4 Somewhat Satisfied"
"C40038",6,23.1116666666667,"MA",25,"4",1,NA,NA
"C40040",5,59.466,"VT",39,"9",0,"4 Somewhat Satisfied","5 Very Satisfied"
"C40045",2,65.53,"VT",42,"11",0,NA,NA
"C40047",3,35.6533333333333,"VT",66,"9",3,NA,NA
"C40052",4,48.4275,"MA",69,"1",1,"5 Very Satisfied","5 Very Satisfied"
"C40054",2,33.84,"VT",37,"3",1,NA,NA
"C40055",5,40.484,"MA",35,"10",1,NA,NA
"C40059",6,54.3416666666667,"MA",35,"4",0,NA,NA
"C40062",1,70.88,"MA",34,"4",0,NA,NA
"C40064",6,80.2466666666667,"MA",31,"4",0,NA,NA
"C40066",5,64.52,"MA",37,"11",3,NA,NA
"C40069",1,81.41,"MA",34,"1",1,NA,NA
"C40070",9,79.0311111111111,"MA",26,"12",0,NA,NA
"C40071",3,66.5166666666667,"MA",40,"10",0,"3 Neutral","5 Very Satisfied"
"C40074",7,57.0342857142857,"VT",29,"5",4,"5 Very Satisfied","4 Somewhat Satisfied"
"C40075",1,101.5,"VT",30,"2",4,NA,NA
"C40076",6,81.1233333333333,"VT",38,"2",5,"4 Somewhat Satisfied","5 Very Satisfied"
"C40077",3,59.2833333333333,"VT",26,"1",0,NA,NA
"C40079",6,58.005,"VT",24,"6",0,NA,NA
"C40081",4,77.25,"MA",42,"10",3,NA,NA
"C40082",4,33.56,"VT",40,"2",1,"5 Very Satisfied","4 Somewhat Satisfied"
"C40083",11,64.9245454545455,"MA",22,"12",0,NA,NA
"C40085",1,68.47,"CA",23,"6",5,NA,NA
"C40090",3,70.64,"VT",27,"2",0,"4 Somewhat Satisfied","5 Very Satisfied"
"C40091",7,54.1442857142857,"MA",43,"2",5,"5 Very Satisfied","4 Somewhat Satisfied"
"C40093",4,74.875,"MA",24,"6",0,NA,NA
"C40094",1,5.99,"MA",45,"5",0,NA,NA
"C40095",4,59.2775,"MA",35,"8",0,NA,NA
"C40097",5,51.512,"MA",38,"4",1,NA,NA
"C40099",2,85.5,"MA",28,"1",5,NA,NA
"C40100",4,65.57,"VT",45,"3",1,NA,NA
"C40103",5,39.496,"VT",30,"9",0,"4 Somewhat Satisfied","4 Somewhat Satisfied"
"C40106",5,68.872,"NY",25,"10",2,"3 Neutral","4 Somewhat Satisfied"
"C40107",3,6.86333333333333,"MA",35,"12",3,NA,NA
"C40111",8,62.4725,"MA",30,"8",4,NA,NA
"C40112",4,38.1975,"VT",34,"8",1,NA,NA
"C40114",7,39.4614285714286,"MA",64,"7",0,NA,NA
"C40116",9,57.6877777777778,"VT",33,"11",1,"5 Very Satisfied","3 Neutral"
"C40119",3,80.5133333333333,"MA",68,"1",5,NA,NA
"C40123",3,76.8033333333333,"VT",30,"12",0,"2 Somewhat Unsatisfied","5 Very Satisfied"
"C40125",8,81.06625,"MA",46,"10",5,"3 Neutral","4 Somewhat Satisfied"
"C40126",2,40.44,"MA",29,"2",2,NA,NA
"C40127",5,79.196,"MA",26,"2",1,NA,NA
"C40128",5,103.692,"VT",37,"9",1,NA,NA
"C40129",8,97.775,"MA",36,"10",5,"4 Somewhat Satisfied","5 Very Satisfied"
"C40131",4,76.3875,"MA",44,"6",3,"2 Somewhat Unsatisfied","5 Very Satisfied"
"C40132",3,114.76,"MA",27,"1",1,"4 Somewhat Satisfied","4 Somewhat Satisfied"
"C40135",3,69.49,"MA",28,"5",5,NA,NA
"C40136",1,14.98,"MA",30,"7",1,NA,NA
"C40137",9,92.0444444444444,"MA",42,"3",0,"5 Very Satisfied","5 Very Satisfied"
"C40139",10,37.849,"MA",42,"7",2,NA,NA
"C40140",5,75.934,"MA",33,"12",0,"5 Very Satisfied","4 Somewhat Satisfied"
"C40141",4,43.6725,"MA",64,"1",0,NA,NA
"C40143",5,42.232,"MA",70,"11",1,NA,NA
"C40145",3,52.28,"MA",34,"12",4,NA,NA
"C40146",1,17.5,"MA",35,"6",2,NA,NA
"C40154",2,37.095,"MA",28,"6",5,NA,NA
"C40158",6,49.5833333333333,"VT",62,"1",0,"5 Very Satisfied","4 Somewhat Satisfied"
"C40159",3,67.6166666666667,"CT",55,"1",2,NA,NA
"C40160",4,84.625,"MA",23,"7",1,NA,NA
"C40164",1,29.97,"VT",27,"6",5,NA,NA
"C40166",3,70.4533333333333,"MA",60,"2",3,NA,NA
"C40170",11,42.1063636363636,"MA",24,"9",1,"4 Somewhat Satisfied","4 Somewhat Satisfied"
"C40171",3,35.9633333333333,"MA",39,"8",5,NA,NA
"C40173",3,76.82,"VT",25,"3",3,NA,NA
"C40174",6,64.595,"MA",35,"6",3,NA,NA
"C40177",7,59.62,"MA",27,"7",2,NA,NA
"C40178",4,25.41,"MA",23,"5",1,NA,NA
"C40179",3,87.79,"MA",68,"9",0,NA,NA
"C40181",4,64.7075,"MA",51,"4",5,NA,NA
"C40185",4,95.5925,"VT",69,"8",0,NA,NA
"C40186",11,53.8218181818182,"CT",38,"4",1,NA,NA
"C40189",1,86.4,"CT",54,"1",1,NA,NA
"C40191",2,59.975,"VT",74,"4",0,NA,NA
"C40192",7,19.0185714285714,"RI",40,"10",1,"2 Somewhat Unsatisfied","4 Somewhat Satisfied"
"C40194",8,72.755,"VT",22,"6",0,NA,NA
"C40195",1,24.98,"VT",51,"12",4,NA,NA
"C40196",5,58.918,"RI",30,"4",1,NA,NA
"C40199",8,73.2725,"MA",40,"8",0,NA,NA
"C40201",2,83.475,"MA",50,"10",0,"2 Somewhat Unsatisfied","3 Neutral"
"C40202",6,28.2116666666667,"NY",24,"6",5,NA,NA
"C40203",3,57.8266666666667,"CT",72,"12",1,NA,NA
"C40204",9,51.13,"MA",23,"11",3,"4 Somewhat Satisfied","5 Very Satisfied"
"C40205",6,59.4866666666667,"MA",24,"11",0,"5 Very Satisfied","5 Very Satisfied"
"C40206",1,30,"CA",59,"6",0,NA,NA
"C40211",8,62.7275,"MA",27,"6",0,"5 Very Satisfied","4 Somewhat Satisfied"
"C40214",4,55.0475,"MA",26,"5",0,NA,NA
"C40215",3,73,"MA",22,"4",2,NA,NA
"C40217",1,99,"VT",37,"9",1,NA,NA
"C40221",7,73.21,"RI",22,"9",5,NA,NA
"C40222",7,39.5442857142857,"MA",23,"4",0,NA,NA
"C40223",2,100.98,"CT",35,"2",3,NA,NA
"C40224",1,7.49,"VT",25,"2",1,NA,NA
"C40232",5,47.662,"MA",35,"4",3,NA,NA
"C40233",6,54.28,"CT",37,"5",1,NA,NA
"C40234",5,85.642,"MA",22,"1",1,NA,NA
"C40236",3,50.1,"MA",69,"2",0,NA,NA
"C40239",1,12.49,"VT",43,"12",0,NA,NA
"C40241",9,62.2255555555556,"MA",46,"6",0,NA,NA
"C40243",7,37.9,"MA",31,"12",0,"3 Neutral","2 Somewhat Unsatisfied"
"C40244",4,72.705,"MA",26,"10",2,"5 Very Satisfied","5 Very Satisfied"
"C40245",6,54.31,"CT",24,"4",0,"4 Somewhat Satisfied","5 Very Satisfied"
"C40247",17,64.2723529411765,"MA",33,"5",1,"2 Somewhat Unsatisfied","4 Somewhat Satisfied"
"C40249",11,72.9390909090909,"CT",25,"7",4,NA,NA
"C40250",4,87.1125,"VT",34,"6",3,NA,NA
"C40251",7,44.2942857142857,"MA",35,"4",1,"2 Somewhat Unsatisfied","3 Neutral"
"C40254",5,43.426,"MA",49,"4",3,"2 Somewhat Unsatisfied","5 Very Satisfied"
"C40256",5,72.388,"VT",34,"12",5,NA,NA
"C40258",10,32.162,"RI",28,"3",0,"4 Somewhat Satisfied","4 Somewhat Satisfied"
"C40262",1,94.5,"VT",32,"9",0,NA,NA
"C40265",3,18.77,"VT",23,"6",0,NA,NA
"C40270",4,49.1875,"VT",52,"2",1,NA,NA
"C40272",3,53.1866666666667,"MA",58,"4",5,NA,NA
"C40273",3,81.39,"VT",49,"10",2,NA,NA
"C40274",2,70.755,"MA",26,"7",0,"5 Very Satisfied","4 Somewhat Satisfied"
"C40276",10,44.564,"VT",69,"8",5,"3 Neutral","4 Somewhat Satisfied"
"C40277",1,44.94,"MA",29,"12",0,NA,NA
"C40278",7,38.8571428571429,"VT",28,"9",0,NA,NA
"C40279",4,71.325,"VT",32,"9",3,NA,NA
"C40280",3,39.6666666666667,"MA",24,"12",0,NA,NA
"C40283",4,89.96,"CA",26,"2",1,"5 Very Satisfied","5 Very Satisfied"
"C40285",5,85.656,"MA",35,"1",1,"3 Neutral","5 Very Satisfied"
"C40286",1,43.77,"VT",57,"7",0,"2 Somewhat Unsatisfied","4 Somewhat Satisfied"
"C40288",1,44.94,"RI",66,"11",1,NA,NA
"C40289",3,67.0933333333333,"RI",31,"11",0,NA,NA
"C40290",6,47.215,"MA",58,"12",0,NA,NA
"C40293",2,68.54,"VT",25,"6",4,NA,NA
"C40294",1,115.2,"MA",27,"7",0,NA,NA
"C40295",2,21.63,"MA",27,"9",1,NA,NA
"C40296",2,48.555,"CT",22,"4",1,NA,NA
"C40297",6,64.4916666666667,"MA",37,"4",1,"5 Very Satisfied","4 Somewhat Satisfied"
"C40298",10,69.248,"MA",42,"1",5,"3 Neutral","4 Somewhat Satisfied"
"C40300",9,65.6888888888889,"MA",40,"5",0,NA,NA
"C40301",1,108,"VT",28,"10",1,NA,NA
"C40302",1,44.95,"MA",30,"10",0,NA,NA
"C40304",5,58.446,"MA",38,"9",0,NA,NA
"C40306",5,46.456,"MA",44,"1",0,"5 Very Satisfied","2 Somewhat Unsatisfied"
"C40307",8,27.4625,"MA",34,"8",0,NA,NA
"C40308",8,59.34375,"MA",31,"12",1,"4 Somewhat Satisfied","2 Somewhat Unsatisfied"
"C40309",1,87.09,"CT",32,"2",2,NA,NA
"C40312",3,66.5966666666667,"MA",31,"12",0,NA,NA
"C40313",3,27.5533333333333,"VT",63,"6",1,NA,NA
"C40320",5,55.148,"MA",36,"10",0,NA,NA
"C40321",10,38.324,"MA",55,"9",0,"3 Neutral","4 Somewhat Satisfied"
"C40322",5,64.184,"CT",46,"12",4,NA,NA
"C40323",5,41.482,"MA",46,"2",5,"4 Somewhat Satisfied","5 Very Satisfied"
"C40324",10,47.521,"VT",30,"11",1,NA,NA
"C40325",7,66.2585714285714,"VT",27,"2",3,NA,NA
"C40326",5,93.764,"MA",65,"10",5,NA,NA
"C40327",9,60.5033333333333,"MA",35,"3",3,"4 Somewhat Satisfied","4 Somewhat Satisfied"
"C40328",5,70.928,"MA",25,"3",2,"4 Somewhat Satisfied","4 Somewhat Satisfied"
"C40329",2,59.615,"VT",74,"6",0,NA,NA
"C40331",4,95.35,"MA",68,"3",0,"4 Somewhat Satisfied","4 Somewhat Satisfied"
"C40333",6,37.2316666666667,"MA",39,"2",1,"3 Neutral","3 Neutral"
"C40335",3,114.24,"MA",52,"7",4,NA,NA
"C40336",7,59.3414285714286,"MA",45,"4",2,"4 Somewhat Satisfied","5 Very Satisfied"
"C40337",8,49.44375,"MA",50,"12",1,"5 Very Satisfied","5 Very Satisfied"
"C40339",1,43.75,"MA",35,"1",1,NA,NA
"C40344",1,126.09,"VT",27,"3",4,NA,NA
"C40345",6,37.2066666666667,"VT",32,"6",4,NA,NA
"C40349",8,54.29375,"VT",64,"4",1,NA,NA
"C40351",4,45.5025,"MA",28,"4",0,NA,NA
"C40355",5,71.218,"MA",38,"2",2,NA,NA
"C40359",6,98.7766666666667,"MA",27,"9",3,NA,NA
"C40360",4,63.5375,"MA",41,"6",0,NA,NA
"C40361",3,57.8033333333333,"VT",47,"3",0,NA,NA
"C40362",1,24.98,"MA",24,"10",2,NA,NA
"C40364",9,56.2888888888889,"MA",63,"12",0,NA,NA
"C40365",3,74.3633333333333,"VT",55,"12",0,NA,NA
"C40366",2,63.395,"CT",32,"10",1,NA,NA
"C40367",11,54.8363636363636,"MA",38,"9",0,"5 Very Satisfied","5 Very Satisfied"
"C40369",3,90.8833333333333,"VT",73,"11",0,NA,NA
"C40371",1,72.13,"MA",34,"11",2,"4 Somewhat Satisfied","4 Somewhat Satisfied"
"C40373",1,108,"TX",36,"12",0,NA,NA
"C40374",1,101.5,"CT",27,"11",0,NA,NA
"C40382",4,38.3275,"MA",22,"9",1,NA,NA
"C40383",4,59.995,"MA",74,"12",1,NA,NA
"C40385",4,80.8025,"MA",62,"11",5,NA,NA
"C40386",3,43.3666666666667,"MA",23,"11",2,NA,NA
"C40387",3,58.0833333333333,"MA",29,"9",2,NA,NA
"C40389",6,76.5766666666667,"VT",32,"12",5,NA,NA
"C40391",7,60.1128571428571,"MA",22,"5",0,NA,NA
"C40392",3,82.5966666666667,"MA",45,"8",0,NA,NA
"C40395",2,14.99,"VT",45,"10",4,NA,NA
"C40396",3,77.9833333333333,"MA",54,"11",0,NA,NA
"C40397",4,52.7725,"MA",37,"2",1,NA,NA
"C40398",12,39.01,"VT",39,"11",3,NA,NA
"C40399",6,63.3733333333333,"VT",44,"7",5,NA,NA
"C40400",2,75.6,"CT",47,"1",0,NA,NA
"C40401",6,77.6466666666667,"MA",44,"4",0,"5 Very Satisfied","4 Somewhat Satisfied"
"C40403",8,56.42875,"CT",33,"8",0,"5 Very Satisfied","4 Somewhat Satisfied"
"C40404",2,81.6,"MA",71,"5",0,NA,NA
"C40408",5,53.178,"MA",58,"9",1,"5 Very Satisfied","3 Neutral"
"C40409",5,86.004,"VT",25,"11",1,NA,NA
"C40410",5,64.508,"MA",25,"9",0,"4 Somewhat Satisfied","4 Somewhat Satisfied"
"C40413",3,56.5866666666667,"VT",25,"7",0,"4 Somewhat Satisfied","5 Very Satisfied"
"C40415",2,90.695,"VT",24,"1",5,NA,NA
"C40417",4,76.295,"MA",27,"2",4,"5 Very Satisfied","4 Somewhat Satisfied"
"C40419",6,40.4983333333333,"MA",26,"11",0,"5 Very Satisfied","4 Somewhat Satisfied"
"C40423",2,30.625,"MA",27,"12",3,NA,NA
"C40424",8,56.42,"MA",28,"5",1,"5 Very Satisfied","5 Very Satisfied"
"C40425",5,49.594,"CT",74,"1",1,NA,NA
"C40426",6,56.3983333333333,"VT",68,"1",1,NA,NA
"C40427",1,5,"MA",23,"11",4,NA,NA
"C40428",2,99.925,"CT",37,"1",0,NA,NA
"C40429",2,56.74,"MA",30,"12",0,NA,NA
"C40431",1,108,"MA",36,"5",0,NA,NA
"C40434",2,60.2,"RI",26,"2",0,NA,NA
"C40435",6,79.49,"VT",35,"8",0,NA,NA
"C40436",5,77.13,"MA",43,"4",0,"5 Very Satisfied","4 Somewhat Satisfied"
"C40438",10,23.51,"MA",24,"10",1,NA,NA
"C40440",5,78.802,"MA",55,"8",1,NA,NA
"C40441",6,36.835,"CA",36,"12",3,NA,NA
"C40442",6,55.2783333333333,"MA",47,"2",0,"5 Very Satisfied","5 Very Satisfied"
"C40443",4,50.4625,"MA",27,"2",2,NA,NA
"C40445",1,87.55,"VT",28,"7",1,NA,NA
"C40450",1,85.66,"MA",47,"10",1,NA,NA
"C40451",6,74.7283333333333,"NY",70,"2",1,NA,NA
"C40453",4,58.265,"MA",34,"1",1,NA,NA
"C40457",3,78.5766666666667,"MA",58,"3",5,NA,NA
"C40460",9,63.1144444444444,"MA",40,"9",1,NA,NA
"C40463",6,32.9333333333333,"MA",25,"1",1,NA,NA
"C40464",8,74.36375,"MA",35,"3",1,"3 Neutral","3 Neutral"
"C40467",8,72.0475,"MA",30,"2",4,"5 Very Satisfied","2 Somewhat Unsatisfied"
"C40468",3,75.6433333333333,"VT",66,"9",0,"2 Somewhat Unsatisfied","4 Somewhat Satisfied"
"C40472",2,75.85,"MA",28,"10",0,NA,NA
"C40482",2,65.175,"MA",55,"12",2,NA,NA
"C40483",4,66.7625,"MA",43,"8",1,"3 Neutral","5 Very Satisfied"
"C40484",6,65.7166666666667,"MA",68,"10",1,"5 Very Satisfied","4 Somewhat Satisfied"
"C40486",4,100.8525,"VT",34,"1",0,NA,NA
"C40490",6,57.5216666666667,"VT",34,"3",1,NA,NA
"C40495",1,37.47,"MA",46,"4",1,NA,NA
"C40497",8,56.09125,"MA",27,"5",3,NA,NA
"C40498",10,64.179,"MA",41,"3",1,NA,NA
"C40499",9,82.03,"MA",51,"5",4,"4 Somewhat Satisfied","2 Somewhat Unsatisfied"
"C40500",3,64.5833333333333,"MA",34,"5",0,"4 Somewhat Satisfied","5 Very Satisfied"
"C40501",4,64.3725,"MA",25,"8",4,NA,NA
"C40502",3,77.36,"NY",22,"9",0,NA,NA
"C40503",10,67.482,"MA",32,"3",4,"3 Neutral","5 Very Satisfied"
"C40504",7,58.9442857142857,"MA",41,"5",0,NA,NA
"C40505",1,57.08,"RI",30,"11",0,NA,NA
"C40507",1,67.44,"MA",36,"10",3,NA,NA
"C40512",6,74.7183333333333,"MA",41,"9",2,NA,NA
"C40513",7,45.5657142857143,"MA",32,"5",0,NA,NA
"C40516",3,38.98,"VT",59,"6",1,NA,NA
"C40517",8,44.68375,"VT",33,"6",1,NA,NA
"C40519",3,76.2,"VT",26,"2",0,NA,NA
"C40520",3,71.0833333333333,"MA",35,"1",0,NA,NA
"C40521",1,26.96,"MA",26,"11",0,NA,NA
"C40522",3,46.2766666666667,"VT",53,"11",0,NA,NA
"C40523",1,36.45,"MA",23,"1",4,NA,NA
"C40525",2,48.6,"VT",72,"12",5,NA,NA
"C40526",6,101.75,"MA",32,"2",4,NA,NA
"C40527",4,69.45,"RI",22,"12",1,NA,NA
"C40528",3,85.7833333333333,"MA",45,"11",0,"4 Somewhat Satisfied","5 Very Satisfied"
"C40530",5,79.666,"MA",29,"3",2,NA,NA
"C40531",2,102.555,"TX",59,"9",0,"4 Somewhat Satisfied","5 Very Satisfied"
"C40536",3,61.9866666666667,"MA",33,"1",3,NA,NA
"C40537",2,23.14,"MA",42,"8",1,NA,NA
"C40541",5,37.838,"NY",26,"11",0,NA,NA
"C40547",5,57.95,"MA",22,"7",0,"5 Very Satisfied","4 Somewhat Satisfied"
"C40548",7,83.08,"VT",24,"8",2,"5 Very Satisfied","3 Neutral"
"C40550",2,46.505,"VT",67,"5",1,NA,NA
"C40552",1,111,"MA",30,"8",0,NA,NA
"C40554",3,67.0866666666667,"MA",24,"10",0,NA,NA
"C40555",2,62.255,"CT",28,"1",4,"3 Neutral","3 Neutral"
"C40557",2,64.805,"VT",48,"11",1,NA,NA
"C40560",2,30.36,"VT",68,"12",5,"4 Somewhat Satisfied","5 Very Satisfied"
"C40561",3,79.84,"MA",28,"3",4,NA,NA
"C40563",3,101.563333333333,"VT",29,"8",1,NA,NA
"C40564",5,98.828,"MA",35,"5",2,NA,NA
"C40567",3,66.98,"VT",29,"2",0,NA,NA
"C40569",3,70,"MA",35,"10",5,NA,NA
"C40570",5,59.558,"CT",39,"11",1,NA,NA
"C40571",2,68.015,"MA",34,"7",2,NA,NA
"C40573",3,36.3833333333333,"MA",22,"5",0,NA,NA
"C40574",8,95.2375,"NY",53,"8",1,"5 Very Satisfied","5 Very Satisfied"
"C40575",3,85.8333333333333,"CT",36,"1",2,NA,NA
"C40576",5,40.852,"MA",44,"12",2,NA,NA
"C40577",1,153.9,"MA",35,"7",5,NA,NA
"C40578",3,100.416666666667,"MA",35,"5",1,NA,NA
"C40585",4,82.8475,"VT",69,"5",1,NA,NA
"C40586",7,65.2042857142857,"MA",29,"1",0,NA,NA
"C40587",2,33,"MA",35,"5",0,"2 Somewhat Unsatisfied","1 Very Unsatisfied"
"C40588",2,30.38,"MA",29,"1",3,NA,NA
"C40589",5,28.938,"VT",69,"12",1,NA,NA
"C40590",1,96.02,"VT",25,"6",0,NA,NA
"C40592",2,66.595,"VT",62,"12",0,NA,NA
"C40595",5,68.34,"MA",31,"11",0,"2 Somewhat Unsatisfied","4 Somewhat Satisfied"
"C40596",4,67.8275,"MA",47,"10",2,"5 Very Satisfied","4 Somewhat Satisfied"
"C40598",6,62.3,"MA",33,"12",0,NA,NA
"C40603",3,74.2166666666667,"MA",55,"9",4,NA,NA
"C40604",4,44.05,"MA",29,"9",1,NA,NA
"C40607",5,48.65,"MA",32,"7",0,NA,NA
"C40608",1,129.6,"MA",33,"10",4,"4 Somewhat Satisfied","5 Very Satisfied"
"C40609",6,35.67,"MA",46,"8",0,NA,NA
"C40611",6,82.2116666666667,"VT",36,"9",3,NA,NA
"C40613",8,34.03,"NY",46,"8",1,"5 Very Satisfied","3 Neutral"
"C40614",3,58.1633333333333,"NY",75,"10",1,"5 Very Satisfied","4 Somewhat Satisfied"
"C40621",6,84.0166666666667,"CT",46,"3",3,NA,NA
"C40622",6,42.8383333333333,"MA",60,"4",2,"3 Neutral","4 Somewhat Satisfied"
"C40623",3,85.68,"NY",23,"6",3,NA,NA
"C40624",5,56.276,"VT",26,"3",0,"5 Very Satisfied","4 Somewhat Satisfied"
"C40627",3,50.5766666666667,"MA",34,"3",3,NA,NA
"C40629",7,22.8314285714286,"MA",36,"2",5,NA,NA
"C40630",5,48.676,"MA",39,"6",0,NA,NA
"C40631",3,56.5833333333333,"MA",32,"4",3,NA,NA
"C40634",5,58.686,"MA",32,"8",3,"4 Somewhat Satisfied","5 Very Satisfied"
"C40636",7,75.2171428571429,"MA",41,"11",2,NA,NA
"C40641",4,62.77,"MA",26,"9",0,"3 Neutral","5 Very Satisfied"
"C40643",3,77.6833333333333,"VT",25,"8",5,"4 Somewhat Satisfied","5 Very Satisfied"
"C40645",6,72.8016666666667,"MA",29,"2",0,"5 Very Satisfied","5 Very Satisfied"
"C40648",4,55.7975,"MA",55,"8",0,NA,NA
"C40649",4,48.43,"MA",40,"7",4,NA,NA
"C40650",8,48.6725,"VT",27,"6",1,"3 Neutral","5 Very Satisfied"
"C40653",2,85.125,"MA",29,"8",5,NA,NA
"C40654",3,63.28,"MA",36,"7",4,NA,NA
"C40655",3,29.1133333333333,"VT",44,"11",0,NA,NA
"C40657",2,81.6,"MA",31,"1",1,NA,NA
"C40658",4,53.23,"MA",39,"2",1,NA,NA
"C40659",8,67.3525,"CA",47,"7",0,NA,NA
"C40662",3,76.6,"VT",39,"8",5,NA,NA
"C40663",3,63.18,"VT",39,"9",0,NA,NA
"C40664",4,79.665,"RI",29,"8",4,NA,NA
"C40668",1,101.4,"MA",31,"12",2,NA,NA
"C40669",2,53.16,"MA",24,"12",3,NA,NA
"C40670",1,22.5,"VT",24,"1",0,NA,NA
"C40672",2,32.615,"MA",35,"12",4,"3 Neutral","5 Very Satisfied"
"C40673",2,58.325,"TX",22,"8",1,"2 Somewhat Unsatisfied","5 Very Satisfied"
"C40676",5,83.196,"VT",34,"3",0,NA,NA
"C40677",8,52.3525,"MA",63,"9",4,NA,NA
"C40679",6,63.0383333333333,"MA",31,"6",4,"2 Somewhat Unsatisfied","2 Somewhat Unsatisfied"
"C40680",6,64.025,"VT",54,"5",5,"3 Neutral","4 Somewhat Satisfied"
"C40685",6,42.1883333333333,"MA",40,"8",1,"5 Very Satisfied","2 Somewhat Unsatisfied"
"C40686",2,60.775,"TX",38,"12",1,"3 Neutral","5 Very Satisfied"
"C40688",2,51.1,"VT",60,"7",4,NA,NA
"C40690",1,52.5,"MA",29,"10",0,NA,NA
"C40691",6,55.0333333333333,"MA",34,"7",2,"4 Somewhat Satisfied","4 Somewhat Satisfied"
"C40696",1,100.8,"MA",28,"12",5,NA,NA
"C40697",6,58.0333333333333,"CT",42,"8",2,NA,NA
"C40699",5,55.238,"CT",28,"1",0,NA,NA
"C40701",4,38.0175,"MA",43,"5",0,NA,NA
"C40702",2,22.48,"VT",25,"4",4,NA,NA
"C40703",7,54.7657142857143,"MA",39,"6",2,NA,NA
"C40704",6,69.1533333333333,"VT",31,"6",0,NA,NA
"C40705",4,59.89,"VT",35,"3",1,"1 Very Unsatisfied","3 Neutral"
"C40707",8,30.1825,"MA",66,"1",4,NA,NA
"C40710",1,36,"MA",52,"10",2,NA,NA
"C40712",6,70.8983333333333,"MA",72,"10",4,NA,NA
"C40713",3,79.4066666666667,"CT",30,"10",0,NA,NA
"C40714",4,34.715,"VT",32,"8",1,NA,NA
"C40715",2,42.5,"MA",23,"12",0,NA,NA
"C40717",4,35.9525,"VT",24,"9",4,NA,NA
"C40718",2,32.155,"MA",29,"4",0,NA,NA
"C40721",2,116.4,"CT",41,"7",1,NA,NA
"C40722",6,40.9483333333333,"MA",24,"8",0,NA,NA
"C40723",8,62.2,"MA",28,"12",5,"4 Somewhat Satisfied","4 Somewhat Satisfied"
"C40725",2,78.63,"MA",29,"9",2,NA,NA
"C40726",9,63.9966666666667,"MA",24,"10",0,"5 Very Satisfied","5 Very Satisfied"
"C40727",4,47.21,"MA",58,"4",1,NA,NA
"C40728",3,67.7233333333333,"VT",46,"8",1,NA,NA
"C40732",5,59.832,"MA",75,"2",0,"3 Neutral","5 Very Satisfied"
"C40734",1,25,"MA",35,"2",1,NA,NA
"C40737",5,46.438,"CT",29,"3",4,"5 Very Satisfied","5 Very Satisfied"
"C40739",1,53.25,"MA",34,"4",4,NA,NA
"C40743",3,7.85333333333333,"CA",59,"1",1,NA,NA
"C40749",5,63.854,"VT",31,"3",4,NA,NA
"C40753",6,65.4716666666667,"VT",74,"5",1,NA,NA
"C40754",9,59.7677777777778,"MA",49,"8",0,"4 Somewhat Satisfied","5 Very Satisfied"
"C40756",1,19.98,"CT",31,"11",5,NA,NA
"C40759",3,22.7933333333333,"MA",25,"2",5,NA,NA
"C40760",4,39.055,"MA",42,"7",0,NA,NA
"C40761",10,57.209,"MA",70,"12",0,NA,NA
"C40762",1,17.49,"MA",45,"3",1,NA,NA
"C40764",4,43.1425,"VT",64,"4",5,NA,NA
"C40765",9,84.8366666666667,"MA",45,"10",0,"4 Somewhat Satisfied","3 Neutral"
"C40767",5,50.104,"VT",51,"8",1,NA,NA
"C40768",7,44.3857142857143,"VT",71,"4",3,NA,NA
"C40772",3,50.74,"CT",34,"11",5,NA,NA
"C40774",4,46.055,"MA",47,"1",0,NA,NA
"C40779",3,70.1333333333333,"MA",49,"12",5,NA,NA
"C40783",1,67.5,"MA",66,"5",1,NA,NA
"C40790",4,60.6375,"MA",44,"1",1,NA,NA
"C40791",5,72.538,"MA",49,"6",0,NA,NA
"C40794",4,74.805,"MA",65,"8",3,"4 Somewhat Satisfied","5 Very Satisfied"
"C40795",4,58.4175,"CA",37,"4",2,NA,NA
"C40797",4,48.2475,"CT",23,"5",0,NA,NA
"C40801",1,102.42,"MA",73,"4",1,NA,NA
"C40805",5,77.544,"MA",25,"4",0,"2 Somewhat Unsatisfied","2 Somewhat Unsatisfied"
"C40807",14,43.7914285714286,"MA",23,"7",3,"3 Neutral","4 Somewhat Satisfied"
"C40816",2,57.475,"MA",46,"6",4,NA,NA
"C40822",6,72.375,"MA",39,"4",0,"5 Very Satisfied","5 Very Satisfied"
"C40823",5,85.656,"MA",29,"1",1,NA,NA
"C40824",5,66.718,"MA",36,"2",5,"3 Neutral","5 Very Satisfied"
"C40825",5,43.868,"MA",58,"11",2,"2 Somewhat Unsatisfied","5 Very Satisfied"
"C40826",1,88.76,"MA",69,"9",3,NA,NA
"C40827",1,56.25,"TX",31,"7",0,NA,NA
"C40831",7,70.7471428571429,"NY",22,"5",0,"5 Very Satisfied","3 Neutral"
"C40832",2,25.29,"MA",31,"4",3,NA,NA
"C40835",2,41.665,"MA",23,"5",0,NA,NA
"C40842",4,43.1025,"VT",67,"9",1,NA,NA
"C40846",2,95.31,"MA",38,"9",0,NA,NA
"C40847",1,108,"MA",30,"10",0,NA,NA
"C40849",1,108,"MA",31,"2",0,NA,NA
"C40850",6,60.3733333333333,"MA",37,"4",0,"2 Somewhat Unsatisfied","3 Neutral"
"C40851",3,82.2333333333333,"MA",28,"5",3,"3 Neutral","5 Very Satisfied"
"C40853",5,78.372,"MA",30,"2",5,NA,NA
"C40858",4,44.515,"MA",48,"1",0,NA,NA
"C40859",1,30,"MA",37,"11",1,NA,NA
"C40864",1,132,"MA",28,"2",0,NA,NA
"C40865",5,38.808,"MA",35,"3",0,NA,NA
"C40869",2,81.86,"MA",34,"4",0,NA,NA
"C40871",4,86.9625,"VT",52,"4",4,NA,NA
"C40872",7,42.62,"MA",26,"1",0,NA,NA
"C40873",7,47.2171428571429,"MA",22,"4",2,NA,NA
"C40875",5,58.388,"MA",31,"10",4,NA,NA
"C40879",8,73.34875,"MA",32,"8",4,NA,NA
"C40880",2,20.61,"MA",23,"11",4,NA,NA
"C40882",3,68.98,"VT",24,"1",4,NA,NA
"C40883",4,37.84,"MA",41,"12",0,NA,NA
"C40886",4,24.9625,"MA",31,"3",1,NA,NA
"C40889",5,58.416,"MA",33,"1",0,"5 Very Satisfied","5 Very Satisfied"
"C40891",3,93.0866666666667,"MA",29,"4",5,NA,NA
"C40897",5,51.636,"CT",29,"11",0,"4 Somewhat Satisfied","3 Neutral"
"C40900",5,67.892,"VT",26,"11",0,"4 Somewhat Satisfied","4 Somewhat Satisfied"
"C40902",1,3.74,"VT",40,"3",2,"3 Neutral","4 Somewhat Satisfied"
"C40905",5,62.626,"VT",33,"5",2,NA,NA
"C40906",2,66.61,"MA",23,"1",1,NA,NA
"C40908",1,66,"MA",73,"4",2,NA,NA
"C40909",2,74.97,"RI",51,"4",0,NA,NA
"C40910",5,109.44,"VT",29,"8",0,NA,NA
"C40911",5,68.85,"MA",37,"9",3,"4 Somewhat Satisfied","3 Neutral"
"C40912",7,83.93,"MA",60,"4",1,NA,NA
"C40914",4,52.6,"MA",23,"1",1,"2 Somewhat Unsatisfied","5 Very Satisfied"
"C40916",6,52.1883333333333,"MA",63,"1",1,NA,NA
"C40917",2,56.985,"MA",52,"10",1,NA,NA
"C40918",4,80.275,"NY",30,"4",3,"4 Somewhat Satisfied","5 Very Satisfied"
"C40919",3,83.23,"MA",40,"12",0,NA,NA
"C40921",2,33.72,"VT",74,"11",0,NA,NA
"C40924",3,80.97,"RI",28,"6",1,"5 Very Satisfied","5 Very Satisfied"
"C40925",6,66.1483333333333,"MA",66,"8",0,"2 Somewhat Unsatisfied","5 Very Satisfied"
"C40926",1,60.75,"VT",33,"10",0,NA,NA
"C40927",2,46.96,"MA",66,"7",1,NA,NA
"C40930",5,71.486,"MA",29,"10",0,NA,NA
"C40932",4,83.4675,"MA",35,"5",0,NA,NA
"C40936",7,57.8985714285714,"MA",73,"8",0,NA,NA
"C40937",1,15.74,"VT",32,"3",0,NA,NA
"C40938",4,103.855,"VT",36,"2",4,NA,NA
"C40940",4,82.6875,"NY",33,"11",2,NA,NA
"C40941",10,63.527,"CT",39,"11",0,NA,NA
"C40943",5,82.7,"MA",29,"7",5,"4 Somewhat Satisfied","5 Very Satisfied"
"C40950",4,62.8025,"VT",25,"4",3,NA,NA
"C40953",4,90.47,"MA",28,"7",1,NA,NA
"C40954",4,104.9475,"VT",28,"1",1,NA,NA
"C40958",7,42.9085714285714,"VT",62,"7",1,"4 Somewhat Satisfied","5 Very Satisfied"
"C40959",3,97.3866666666667,"MA",34,"5",0,"4 Somewhat Satisfied","5 Very Satisfied"
"C40961",4,52.1775,"MA",45,"3",1,"4 Somewhat Satisfied","5 Very Satisfied"
"C40962",4,45.575,"NY",23,"11",1,NA,NA
"C40966",4,72.78,"VT",44,"9",0,NA,NA
"C40967",2,33.73,"VT",32,"4",0,NA,NA
"C40969",1,66.15,"MA",53,"7",3,NA,NA
"C40971",9,41.6766666666667,"CT",24,"4",1,"3 Neutral","5 Very Satisfied"
"C40972",1,88.67,"CT",35,"11",1,NA,NA
"C40973",5,48.974,"MA",29,"9",1,NA,NA
"C40974",2,40.495,"MA",37,"10",1,NA,NA
"C40975",3,24.4,"MA",43,"10",1,NA,NA
"C40978",5,69.34,"MA",55,"6",2,NA,NA
"C40980",2,60.01,"CT",33,"2",1,NA,NA
"C40982",9,85.9644444444444,"NY",47,"10",0,NA,NA
"C40986",8,52.73125,"MA",71,"12",0,"4 Somewhat Satisfied","5 Very Satisfied"
"C40991",1,83.7,"VT",25,"1",2,NA,NA
"C40993",6,57.8366666666667,"MA",26,"5",0,NA,NA
"C40994",6,82.715,"VT",67,"1",0,"4 Somewhat Satisfied","4 Somewhat Satisfied"
"C40996",1,42.67,"MA",74,"8",1,NA,NA
"C40999",5,74.062,"MA",49,"9",4,NA,NA
"C41002",1,115.2,"VT",22,"2",4,NA,NA
"C41003",2,66.375,"VT",27,"11",2,NA,NA
"C41004",5,61.91,"MA",39,"4",5,"4 Somewhat Satisfied","4 Somewhat Satisfied"
"C41006",2,34.44,"MA",25,"4",0,NA,NA
"C41007",7,69.9185714285714,"NY",34,"3",4,NA,NA
"C41008",3,85.2533333333333,"VT",28,"11",1,"3 Neutral","3 Neutral"
"C41010",2,57.15,"MA",24,"1",1,NA,NA
"C41013",1,72,"MA",33,"8",5,NA,NA
"C41014",3,56.8533333333333,"MA",65,"5",2,NA,NA
"C41016",6,78.1766666666667,"MA",23,"11",0,NA,NA
"C41017",5,61.126,"VT",25,"2",4,"5 Very Satisfied","4 Somewhat Satisfied"
"C41021",3,25.4666666666667,"MA",44,"6",1,"2 Somewhat Unsatisfied","3 Neutral"
"C41023",1,29.55,"MA",54,"7",0,NA,NA
"C41024",8,74.80375,"MA",27,"3",1,"4 Somewhat Satisfied","3 Neutral"
"C41025",2,18.05,"MA",28,"3",2,NA,NA
"C41026",2,90.045,"MA",28,"2",1,NA,NA
"C41029",1,43.75,"MA",42,"4",0,NA,NA
"C41031",9,35.2777777777778,"MA",54,"6",2,NA,NA
"C41034",6,44.4216666666667,"MA",34,"9",0,NA,NA
"C41038",9,53.6066666666667,"MA",33,"7",2,"5 Very Satisfied","5 Very Satisfied"
"C41040",1,26.25,"VT",43,"9",4,NA,NA
"C41041",5,55.414,"MA",26,"9",5,"5 Very Satisfied","3 Neutral"
"C41043",4,51.1525,"VT",26,"3",0,NA,NA
"C41045",3,42.2633333333333,"MA",35,"8",1,"2 Somewhat Unsatisfied","5 Very Satisfied"
"C41050",3,57.0133333333333,"MA",73,"2",2,NA,NA
"C41053",7,74.4714285714286,"MA",33,"1",3,NA,NA
"C41054",5,63.008,"MA",27,"9",0,NA,NA
"C41055",1,75,"CT",60,"4",1,NA,NA
"C41059",1,98.03,"MA",24,"12",5,NA,NA
"C41062",15,76.5293333333333,"MA",72,"6",3,NA,NA
"C41064",2,55.75,"MA",55,"12",1,NA,NA
"C41065",5,31.762,"TX",25,"8",2,NA,NA
"C41076",1,28.1,"VT",35,"10",3,"3 Neutral","5 Very Satisfied"
"C41080",6,65.93,"VT",34,"6",5,"4 Somewhat Satisfied","3 Neutral"
"C41085",4,74.735,"MA",65,"10",0,"3 Neutral","5 Very Satisfied"
"C41087",5,100.15,"CT",67,"8",3,"2 Somewhat Unsatisfied","3 Neutral"
"C41088",5,52.908,"MA",66,"10",2,NA,NA
"C41091",6,79.595,"MA",34,"2",2,NA,NA
"C41094",5,70.612,"MA",63,"11",5,"3 Neutral","4 Somewhat Satisfied"
"C41098",2,63.675,"MA",29,"5",2,NA,NA
"C41099",1,69.3,"VT",60,"11",1,"4 Somewhat Satisfied","3 Neutral"
"C41100",4,52.1625,"CA",46,"8",0,NA,NA
"C41101",7,25.5642857142857,"MA",35,"2",2,"5 Very Satisfied","2 Somewhat Unsatisfied"
"C41102",5,80.904,"CT",29,"3",5,"5 Very Satisfied","4 Somewhat Satisfied"
"C41103",3,83.8533333333333,"MA",40,"7",1,NA,NA
"C41106",2,84,"MA",34,"5",0,NA,NA
"C41109",4,91.7175,"VT",31,"10",1,NA,NA
"C41113",4,75.975,"MA",37,"6",0,NA,NA
"C41116",2,59.59,"MA",35,"2",4,"5 Very Satisfied","3 Neutral"
"C41118",1,10.79,"MA",36,"4",0,NA,NA
"C41120",4,89.1,"MA",59,"3",5,NA,NA
"C41121",2,102.875,"VT",64,"1",0,NA,NA
"C41126",4,130.255,"MA",24,"2",2,NA,NA
"C41128",1,43.75,"MA",46,"2",4,NA,NA
"C41132",2,144,"MA",72,"10",1,"2 Somewhat Unsatisfied","3 Neutral"
"C41133",3,52.95,"MA",22,"11",1,NA,NA
"C41137",7,50.0114285714286,"MA",34,"8",3,NA,NA
"C41141",4,85.975,"MA",34,"6",3,NA,NA
"C41142",4,45.78,"MA",45,"8",0,NA,NA
"C41144",6,44.05,"MA",37,"12",4,NA,NA
"C41145",3,63.79,"MA",26,"1",3,NA,NA
"C41146",3,40.06,"MA",38,"12",5,NA,NA
"C41147",6,74.8883333333333,"VT",55,"7",1,NA,NA
"C41149",1,48,"MA",42,"12",1,NA,NA
"C41150",6,43.6266666666667,"VT",26,"9",0,NA,NA
"C41152",3,63.9333333333333,"MA",35,"5",1,NA,NA
"C41153",5,50.978,"TX",25,"7",1,"3 Neutral","4 Somewhat Satisfied"
"C41161",7,48.6242857142857,"MA",32,"11",1,NA,NA
"C41165",6,47.925,"MA",25,"1",1,"4 Somewhat Satisfied","4 Somewhat Satisfied"
"C41166",6,40.6616666666667,"MA",40,"1",0,"5 Very Satisfied","5 Very Satisfied"
"C41167",1,48,"MA",35,"9",4,NA,NA
"C41171",7,66.8985714285714,"MA",33,"2",0,"3 Neutral","4 Somewhat Satisfied"
"C41174",6,52.015,"CT",29,"10",0,"3 Neutral","5 Very Satisfied"
"C41178",6,32.6816666666667,"MA",48,"1",2,NA,NA
"C41180",3,67.2,"MA",34,"7",0,NA,NA
"C41185",4,83.19,"MA",38,"6",3,NA,NA
"C41188",1,144,"MA",27,"3",1,NA,NA
"C41190",2,64.575,"MA",23,"3",1,NA,NA
"C41191",2,66.185,"VT",53,"10",0,NA,NA
"C41192",5,65.024,"MA",35,"2",0,NA,NA
"C41193",1,86.4,"VT",34,"5",5,NA,NA
"C41197",2,71.5,"MA",24,"8",0,NA,NA
"C41202",6,52.7383333333333,"CT",25,"8",5,NA,NA
"C41203",6,50.575,"VT",43,"7",1,NA,NA
"C41204",6,70.7216666666667,"MA",33,"9",2,NA,NA
"C41207",6,68.1483333333333,"MA",22,"5",0,NA,NA
"C41208",2,53.27,"MA",63,"10",1,NA,NA
"C41211",7,63.1257142857143,"MA",41,"3",5,NA,NA
"C41213",2,39.795,"MA",33,"11",1,NA,NA
"C41214",4,70.375,"VT",37,"5",2,NA,NA
"C41215",3,63.2333333333333,"RI",73,"6",1,NA,NA
"C41217",1,122.82,"MA",32,"2",4,NA,NA
"C41218",2,56.6,"CT",52,"1",1,NA,NA
"C41220",5,52.242,"VT",50,"10",0,"5 Very Satisfied","5 Very Satisfied"
"C41221",4,88.4725,"MA",73,"12",0,NA,NA
"C41222",5,33.074,"VT",26,"10",1,NA,NA
"C41225",6,62.4066666666667,"VT",27,"3",4,NA,NA
"C41227",8,48.61,"MA",23,"4",3,"4 Somewhat Satisfied","4 Somewhat Satisfied"
"C41228",4,29.24,"MA",75,"5",1,NA,NA
"C41232",4,22.2675,"MA",23,"1",5,NA,NA
"C41235",2,61.68,"CT",41,"6",5,NA,NA
"C41236",2,90.485,"NY",65,"10",4,NA,NA
"C41237",8,29.37875,"MA",30,"1",1,"4 Somewhat Satisfied","3 Neutral"
"C41239",2,16.62,"VT",41,"12",1,NA,NA
"C41241",2,38.4,"VT",27,"12",0,NA,NA
"C41242",1,60.22,"VT",44,"6",2,NA,NA
"C41243",2,70.8,"MA",35,"5",1,NA,NA
"C41245",2,66.3,"RI",50,"6",3,"4 Somewhat Satisfied","4 Somewhat Satisfied"
"C41246",8,37.5575,"VT",58,"7",2,NA,NA
"C41247",1,14.97,"MA",30,"10",1,NA,NA
"C41249",5,37.516,"MA",37,"9",2,"5 Very Satisfied","5 Very Satisfied"
"C41250",7,72.7585714285714,"CT",22,"10",2,"5 Very Satisfied","3 Neutral"
"C41252",5,59.478,"MA",22,"5",3,NA,NA
"C41253",1,114.75,"CT",26,"12",5,NA,NA
"C41254",2,51.55,"MA",35,"8",1,NA,NA
"C41255",10,22.125,"MA",37,"4",2,"5 Very Satisfied","5 Very Satisfied"
"C41256",2,80.99,"MA",36,"7",0,NA,NA
"C41262",1,75,"MA",33,"8",3,"4 Somewhat Satisfied","3 Neutral"
"C41263",3,73.2,"VT",58,"6",0,NA,NA
"C41266",6,51.2683333333333,"VT",34,"7",1,NA,NA
"C41267",5,71.82,"VT",67,"5",1,"4 Somewhat Satisfied","3 Neutral"
"C41269",1,88.11,"MA",35,"5",1,NA,NA
"C41270",9,74.4277777777778,"VT",41,"9",0,NA,NA
"C41273",3,104.4,"MA",27,"6",3,NA,NA
"C41275",1,64.8,"NY",68,"6",3,NA,NA
"C41276",6,47.505,"MA",28,"7",5,"5 Very Satisfied","3 Neutral"
"C41277",2,19.675,"MA",22,"8",3,NA,NA
"C41278",4,97.65,"MA",34,"9",3,"3 Neutral","3 Neutral"
"C41279",5,70.186,"MA",30,"4",0,"5 Very Satisfied","4 Somewhat Satisfied"
"C41280",4,32.33,"MA",34,"3",1,NA,NA
"C41283",3,50.7766666666667,"VT",38,"1",0,NA,NA
"C41284",4,39.8225,"VT",39,"9",3,"4 Somewhat Satisfied","5 Very Satisfied"
"C41285",4,84.77,"VT",30,"8",0,NA,NA
"C41286",2,91.4,"CA",47,"12",0,NA,NA
"C41287",1,35,"VT",38,"1",2,NA,NA
"C41288",3,82.2566666666667,"MA",46,"6",0,NA,NA
"C41289",5,83.43,"MA",25,"1",0,"4 Somewhat Satisfied","4 Somewhat Satisfied"
"C41290",5,83.042,"MA",31,"4",3,"4 Somewhat Satisfied","5 Very Satisfied"
"C41294",7,57.7471428571429,"MA",43,"11",0,NA,NA
"C41296",3,40.1733333333333,"VT",28,"10",4,NA,NA
"C41297",4,55.3675,"VT",23,"7",5,"4 Somewhat Satisfied","4 Somewhat Satisfied"
"C41300",3,49.3,"MA",25,"4",3,NA,NA
"C41303",1,82.17,"MA",73,"10",2,NA,NA
"C41305",2,61.195,"VT",40,"11",2,NA,NA
"C41307",7,60.6714285714286,"VT",69,"2",0,NA,NA
"C41312",5,66.202,"CT",28,"5",1,NA,NA
"C41314",1,34.36,"MA",38,"1",2,"3 Neutral","4 Somewhat Satisfied"
"C41315",8,49.1375,"RI",25,"2",0,NA,NA
"C41320",5,81.806,"MA",30,"5",4,NA,NA
"C41322",3,35.7466666666667,"CT",24,"1",5,NA,NA
"C41324",5,64.852,"MA",30,"1",0,"4 Somewhat Satisfied","4 Somewhat Satisfied"
"C41325",2,93.275,"VT",41,"11",1,NA,NA
"C41327",1,67.5,"MA",47,"6",0,NA,NA
"C41328",2,59.67,"VT",34,"7",2,NA,NA
"C41330",1,24,"MA",35,"8",3,NA,NA
"C41332",4,102.57,"VT",46,"6",4,NA,NA
"C41339",1,77,"TX",57,"6",1,NA,NA
"C41340",1,10,"VT",39,"6",4,NA,NA
"C41342",3,27.07,"MA",25,"9",4,NA,NA
"C41343",4,67.9125,"CT",30,"2",3,"3 Neutral","5 Very Satisfied"
"C41347",2,52.5,"RI",35,"2",1,NA,NA
"C41351",3,23.5733333333333,"MA",42,"5",2,NA,NA
"C41352",6,59.2866666666667,"NY",32,"7",0,"4 Somewhat Satisfied","4 Somewhat Satisfied"
"C41355",1,85.12,"NY",44,"3",1,NA,NA
"C41356",1,31.88,"NY",37,"1",0,NA,NA
"C41358",2,10,"MA",37,"10",1,NA,NA
"C41360",7,50.2042857142857,"TX",33,"8",0,NA,NA
"C41361",7,63.62,"VT",35,"3",0,NA,NA
"C41362",2,62.85,"MA",40,"11",5,NA,NA
"C41368",8,69.21375,"VT",46,"11",1,NA,NA
"C41370",1,67.5,"CT",27,"5",1,NA,NA
"C41371",3,52.08,"VT",59,"1",5,"4 Somewhat Satisfied","5 Very Satisfied"
"C41374",1,25,"MA",27,"7",3,NA,NA
"C41377",3,68.9433333333333,"MA",22,"8",1,"5 Very Satisfied","4 Somewhat Satisfied"
"C41379",9,27.1355555555556,"MA",29,"6",1,"5 Very Satisfied","3 Neutral"
"C41380",2,83.175,"RI",43,"2",0,"5 Very Satisfied","3 Neutral"
"C41383",5,56.914,"MA",43,"7",0,NA,NA
"C41384",3,47.7733333333333,"VT",46,"10",3,"4 Somewhat Satisfied","5 Very Satisfied"
"C41385",1,79.2,"VT",36,"1",1,NA,NA
"C41386",4,34.7775,"MA",23,"12",0,NA,NA
"C41387",2,44.685,"CT",67,"5",0,NA,NA
"C41388",3,32.29,"MA",52,"6",3,NA,NA
"C41391",5,64.908,"MA",29,"3",2,NA,NA
"C41395",2,77.515,"NY",29,"3",4,NA,NA
"C41396",1,28.05,"VT",61,"6",5,NA,NA
"C41397",7,64.6014285714286,"VT",27,"3",1,NA,NA
"C41399",3,57.8566666666667,"VT",33,"1",1,NA,NA
"C41402",4,53.8275,"MA",54,"3",0,NA,NA
"C41403",6,52.095,"MA",33,"8",1,NA,NA
"C41404",3,60.7133333333333,"VT",22,"12",1,NA,NA
"C41405",3,63.7333333333333,"MA",57,"9",1,"5 Very Satisfied","5 Very Satisfied"
"C41407",4,73.185,"MA",28,"6",0,NA,NA
"C41408",7,52.1042857142857,"VT",70,"2",2,NA,NA
"C41409",10,63.475,"RI",32,"5",1,"3 Neutral","4 Somewhat Satisfied"
"C41410",5,57.864,"MA",29,"9",0,"2 Somewhat Unsatisfied","3 Neutral"
"C41413",6,74.26,"MA",68,"12",4,"5 Very Satisfied","4 Somewhat Satisfied"
"C41415",2,52.5,"MA",27,"4",1,NA,NA
"C41417",7,82.7814285714286,"VT",68,"6",0,"4 Somewhat Satisfied","5 Very Satisfied"
"C41418",6,59.4383333333333,"VT",34,"6",0,NA,NA
"C41420",6,40.4066666666667,"MA",60,"5",0,NA,NA
"C41424",2,78.75,"MA",34,"4",2,NA,NA
"C41425",3,30.97,"VT",26,"6",3,NA,NA
"C41427",7,56.97,"VT",30,"1",3,NA,NA
"C41428",3,18.4933333333333,"TX",41,"7",0,NA,NA
"C41429",4,45.225,"MA",71,"4",3,"3 Neutral","5 Very Satisfied"
"C41430",2,82.62,"VT",60,"8",4,NA,NA
"C41431",5,89.982,"MA",48,"1",4,"5 Very Satisfied","5 Very Satisfied"
"C41436",1,52.47,"MA",41,"9",1,NA,NA
"C41437",2,67.845,"NY",42,"5",1,NA,NA
"C41438",3,73.5366666666667,"VT",42,"10",0,NA,NA
"C41440",8,57.52125,"MA",28,"5",0,NA,NA
"C41441",1,144,"MA",24,"9",3,NA,NA
"C41443",3,74.8866666666667,"CT",24,"7",2,NA,NA
"C41444",4,66.66,"MA",25,"10",0,NA,NA
"C41445",4,24.6475,"MA",25,"7",5,NA,NA
"C41446",3,68.0533333333333,"MA",41,"1",2,NA,NA
"C41449",6,67.8916666666667,"RI",43,"6",5,"4 Somewhat Satisfied","5 Very Satisfied"
"C41451",6,75.8566666666667,"MA",61,"11",0,NA,NA
"C41453",6,56.7383333333333,"MA",33,"8",0,"5 Very Satisfied","4 Somewhat Satisfied"
"C41457",8,55.85,"MA",70,"1",0,"4 Somewhat Satisfied","5 Very Satisfied"
"C41458",1,22.5,"MA",31,"10",5,NA,NA
"C41460",8,53.8425,"VT",45,"4",5,"2 Somewhat Unsatisfied","5 Very Satisfied"
"C41462",2,78.81,"MA",50,"4",1,NA,NA
"C41464",4,77.7375,"VT",42,"2",1,NA,NA
"C41465",2,62.24,"MA",46,"2",5,"4 Somewhat Satisfied","3 Neutral"
"C41467",2,28.6,"VT",31,"2",1,NA,NA
"C41468",5,73,"CA",66,"6",0,NA,NA
"C41470",5,59.898,"VT",28,"1",0,"5 Very Satisfied","5 Very Satisfied"
"C41471",5,67.208,"MA",64,"5",1,"5 Very Satisfied","4 Somewhat Satisfied"
"C41473",5,83.102,"MA",38,"9",0,NA,NA
"C41474",3,58.87,"MA",25,"1",0,NA,NA
"C41475",5,82.364,"VT",60,"10",1,"4 Somewhat Satisfied","4 Somewhat Satisfied"
"C41477",6,79.6333333333333,"MA",28,"9",0,NA,NA
"C41480",4,59.0625,"MA",42,"12",4,NA,NA
"C41481",7,84.1885714285714,"MA",31,"7",1,"3 Neutral","5 Very Satisfied"
"C41483",5,51.066,"MA",50,"11",2,"4 Somewhat Satisfied","3 Neutral"
"C41484",4,41.87,"MA",28,"1",1,NA,NA
"C41485",5,44.734,"VT",34,"5",5,NA,NA
"C41487",1,81,"MA",30,"10",0,NA,NA
"C41488",7,18.7642857142857,"MA",43,"7",0,NA,NA
"C41489",2,10.49,"MA",43,"11",2,"4 Somewhat Satisfied","5 Very Satisfied"
"C41491",3,97.1333333333333,"VT",24,"5",1,NA,NA
"C41493",4,59.8,"VT",52,"5",1,NA,NA
"C41494",7,58.64,"MA",32,"2",5,"5 Very Satisfied","4 Somewhat Satisfied"
"C41498",1,52.47,"VT",43,"5",2,NA,NA
"C41499",3,34.9866666666667,"NY",44,"4",4,NA,NA
"C41501",3,95.2033333333333,"MA",29,"4",2,NA,NA
"C41506",3,74.8233333333333,"MA",46,"2",3,NA,NA
"C41507",5,70.122,"MA",53,"1",1,NA,NA
"C41509",6,80.61,"MA",28,"12",0,NA,NA
"C41511",2,7.48,"MA",23,"5",5,NA,NA
"C41512",5,45.058,"CA",35,"11",3,"4 Somewhat Satisfied","4 Somewhat Satisfied"
"C41518",1,48,"MA",57,"8",2,NA,NA
"C41519",3,29.5833333333333,"MA",27,"12",1,NA,NA
"C41521",6,63.1216666666667,"CA",45,"1",0,"5 Very Satisfied","3 Neutral"
"C41522",2,62.65,"MA",30,"8",1,"5 Very Satisfied","5 Very Satisfied"
"C41525",3,68.3666666666667,"VT",41,"4",1,NA,NA
"C41526",5,44.952,"MA",30,"12",0,"4 Somewhat Satisfied","4 Somewhat Satisfied"
"C41527",6,75.01,"CT",25,"6",1,"4 Somewhat Satisfied","3 Neutral"
"C41528",1,105,"MA",26,"3",4,NA,NA
"C41530",3,81.5666666666667,"VT",32,"1",0,NA,NA
"C41531",4,64.8075,"MA",36,"4",4,NA,NA
"C41532",3,28.1633333333333,"MA",72,"10",5,NA,NA
"C41535",1,99,"CT",60,"9",3,NA,NA
"C41536",4,20.2375,"MA",43,"3",0,NA,NA
"C41539",6,63.3883333333333,"MA",24,"6",3,"5 Very Satisfied","4 Somewhat Satisfied"
"C41543",6,58.9116666666667,"VT",33,"2",1,NA,NA
"C41546",5,71.322,"MA",22,"2",5,NA,NA
"C41547",6,79.35,"CT",46,"5",0,NA,NA
"C41548",1,56.25,"MA",29,"8",4,NA,NA
"C41549",5,61.81,"MA",32,"11",0,NA,NA
"C41551",2,65.93,"MA",46,"12",4,NA,NA
"C41553",1,6.07,"MA",35,"12",0,NA,NA
"C41555",3,73.55,"MA",58,"4",5,"2 Somewhat Unsatisfied","4 Somewhat Satisfied"
"C41559",5,68.424,"MA",27,"10",0,"5 Very Satisfied","4 Somewhat Satisfied"
"C41562",3,48.8333333333333,"MA",36,"12",1,NA,NA
"C41565",3,47.7833333333333,"CA",26,"8",0,NA,NA
"C41566",1,108,"MA",38,"6",3,NA,NA
"C41569",9,59.2255555555556,"CT",28,"2",1,NA,NA
"C41570",4,32.2475,"CT",54,"9",5,NA,NA
"C41572",5,61.802,"MA",59,"4",1,"4 Somewhat Satisfied","3 Neutral"
"C41573",5,52.608,"MA",23,"2",0,"4 Somewhat Satisfied","5 Very Satisfied"
"C41574",6,48.51,"NY",26,"8",0,"5 Very Satisfied","4 Somewhat Satisfied"
"C41575",5,65.044,"MA",37,"3",3,"5 Very Satisfied","4 Somewhat Satisfied"
"C41579",7,78.9842857142857,"MA",44,"2",0,"4 Somewhat Satisfied","5 Very Satisfied"
"C41580",4,73.8375,"MA",34,"4",4,NA,NA
"C41582",2,98.4,"MA",57,"12",3,"3 Neutral","3 Neutral"
"C41583",4,36.4725,"MA",32,"2",5,"5 Very Satisfied","4 Somewhat Satisfied"
"C41586",4,65.865,"MA",30,"6",0,NA,NA
"C41587",1,27,"VT",32,"1",4,NA,NA
"C41588",5,88.458,"TX",71,"7",1,"4 Somewhat Satisfied","5 Very Satisfied"
"C41591",2,57.365,"CT",29,"6",0,"5 Very Satisfied","4 Somewhat Satisfied"
"C41592",5,40.56,"RI",29,"1",4,NA,NA
"C41593",2,49.46,"MA",55,"9",4,NA,NA
"C41594",1,25,"MA",37,"12",5,NA,NA
"C41595",2,55.6,"MA",25,"1",0,NA,NA
"C41596",4,45.2425,"VT",29,"6",0,NA,NA
"C41597",3,72.51,"NY",46,"7",0,NA,NA
"C41599",1,26.22,"MA",35,"3",1,NA,NA
"C41601",5,63.716,"MA",34,"4",5,NA,NA
"C41603",1,23.6,"VT",53,"9",0,NA,NA
"C41606",6,36.44,"NY",50,"8",0,"4 Somewhat Satisfied","4 Somewhat Satisfied"
"C41608",3,47.16,"VT",34,"5",1,NA,NA
"C41614",1,55.12,"MA",35,"1",1,NA,NA
"C41615",4,62.5775,"VT",26,"3",2,NA,NA
"C41617",1,155.25,"MA",23,"1",4,NA,NA
"C41618",3,59.6566666666667,"VT",52,"3",0,"5 Very Satisfied","4 Somewhat Satisfied"
"C41620",3,37.63,"MA",48,"11",0,NA,NA
"C41621",8,79.93,"MA",22,"2",5,NA,NA
"C41627",5,51.13,"MA",34,"1",1,"5 Very Satisfied","4 Somewhat Satisfied"
"C41628",1,75,"CT",26,"10",1,NA,NA
"C41630",1,64.8,"MA",45,"4",5,NA,NA
"C41632",6,43.9983333333333,"MA",27,"1",0,NA,NA
"C41633",1,11.23,"MA",24,"8",0,"2 Somewhat Unsatisfied","5 Very Satisfied"
"C41637",3,71.95,"MA",44,"5",4,NA,NA
"C41638",2,72.9,"MA",55,"2",0,NA,NA
"C41647",3,65.8933333333333,"MA",27,"6",0,NA,NA
"C41652",6,57.5083333333333,"VT",55,"12",4,"4 Somewhat Satisfied","5 Very Satisfied"
"C41654",6,61.4,"MA",35,"10",2,"5 Very Satisfied","4 Somewhat Satisfied"
"C41655",6,58.8716666666667,"MA",29,"4",2,NA,NA
"C41656",7,46.1671428571429,"MA",46,"4",1,NA,NA
"C41661",5,63.804,"MA",25,"10",5,NA,NA
"C41664",1,103.29,"MA",24,"12",3,NA,NA
"C41665",3,63.5,"MA",26,"3",3,NA,NA
"C41667",6,57.3,"VT",35,"7",0,NA,NA
"C41670",1,92.4,"CT",27,"1",1,"4 Somewhat Satisfied","5 Very Satisfied"
"C41673",4,75.3025,"MA",24,"5",4,"1 Very Unsatisfied","1 Very Unsatisfied"
"C41675",4,79.41,"VT",58,"9",0,"3 Neutral","4 Somewhat Satisfied"
"C41676",7,26.6542857142857,"MA",43,"10",2,"5 Very Satisfied","5 Very Satisfied"
"C41679",2,62,"MA",43,"10",3,NA,NA
"C41680",3,73.4633333333333,"MA",24,"3",0,NA,NA
"C41681",1,98.48,"MA",69,"12",2,NA,NA
"C41683",5,32.76,"MA",72,"4",4,NA,NA
"C41685",2,61.8,"MA",22,"11",5,NA,NA
"C41686",2,91.47,"MA",22,"2",1,"5 Very Satisfied","4 Somewhat Satisfied"
"C41688",5,74.082,"NY",27,"11",1,"3 Neutral","5 Very Satisfied"
"C41689",5,37.106,"MA",23,"12",0,NA,NA
"C41690",6,51.105,"VT",26,"1",5,"5 Very Satisfied","5 Very Satisfied"
"C41691",3,85.3566666666667,"MA",40,"5",0,NA,NA
"C41692",3,55.7766666666667,"MA",28,"4",4,NA,NA
"C41696",1,48,"CT",34,"6",4,"3 Neutral","5 Very Satisfied"
"C41698",3,68.1433333333333,"VT",25,"10",4,NA,NA
"C41699",2,10.93,"VT",31,"5",5,NA,NA
"C41701",1,116.64,"MA",51,"12",1,NA,NA
"C41704",3,62.0466666666667,"MA",35,"4",4,NA,NA
"C41705",5,84.404,"VT",68,"1",0,NA,NA
"C41706",3,46.8633333333333,"MA",38,"2",2,NA,NA
"C41707",7,44.7528571428571,"MA",65,"1",0,"2 Somewhat Unsatisfied","4 Somewhat Satisfied"
"C41713",2,61.715,"MA",61,"2",5,NA,NA
"C41714",3,48.26,"VT",29,"10",0,NA,NA
"C41715",1,116.64,"MA",27,"4",0,NA,NA
"C41717",3,53.69,"VT",56,"3",3,NA,NA
"C41718",1,48,"MA",50,"12",5,NA,NA
"C41720",6,61.7283333333333,"VT",24,"2",5,"5 Very Satisfied","4 Somewhat Satisfied"
"C41723",10,76.902,"VT",30,"11",1,"4 Somewhat Satisfied","5 Very Satisfied"
"C41725",4,79.6125,"MA",44,"3",1,"4 Somewhat Satisfied","5 Very Satisfied"
"C41726",8,72.92625,"VT",51,"4",1,NA,NA
"C41727",4,43.865,"VT",27,"12",1,NA,NA
"C41729",5,69.402,"MA",30,"10",0,"5 Very Satisfied","4 Somewhat Satisfied"
"C41733",4,47.4925,"NY",29,"9",1,NA,NA
"C41735",4,103.87,"VT",62,"10",4,NA,NA
"C41736",2,81.81,"MA",31,"9",0,"4 Somewhat Satisfied","4 Somewhat Satisfied"
"C41740",4,81.6475,"MA",23,"11",0,NA,NA
"C41742",3,56.9333333333333,"MA",35,"9",0,NA,NA
"C41746",1,25,"VT",27,"11",2,"4 Somewhat Satisfied","4 Somewhat Satisfied"
"C41751",1,81,"MA",35,"10",4,NA,NA
"C41752",4,104.0625,"MA",36,"2",4,NA,NA
"C41753",1,108,"VT",59,"7",1,"3 Neutral","3 Neutral"
"C41757",3,58.43,"CT",49,"6",0,"5 Very Satisfied","4 Somewhat Satisfied"
"C41758",3,46.4166666666667,"MA",28,"11",1,"5 Very Satisfied","5 Very Satisfied"
"C41760",6,85.8516666666667,"VT",26,"3",3,NA,NA
"C41761",3,44.5266666666667,"VT",42,"8",0,NA,NA
"C41762",1,75,"MA",48,"12",1,NA,NA
"C41763",8,58.42875,"MA",23,"9",0,"3 Neutral","5 Very Satisfied"
"C41766",6,78.5933333333333,"MA",42,"8",3,NA,NA
"C41767",1,84.33,"VT",34,"6",3,NA,NA
"C41768",9,82.3,"MA",31,"8",5,"3 Neutral","4 Somewhat Satisfied"
"C41769",5,48.458,"VT",42,"5",4,"4 Somewhat Satisfied","5 Very Satisfied"
"C41774",5,50.3,"MA",60,"9",2,"5 Very Satisfied","3 Neutral"
"C41776",3,92.6233333333333,"MA",30,"12",1,NA,NA
"C41780",5,40.344,"VT",59,"1",0,"4 Somewhat Satisfied","4 Somewhat Satisfied"
"C41781",1,21,"MA",56,"5",2,"3 Neutral","5 Very Satisfied"
"C41782",4,59.5125,"CT",45,"6",0,NA,NA
"C41786",1,29.41,"MA",44,"2",4,NA,NA
"C41787",1,86.4,"VT",32,"1",3,NA,NA
"C41789",3,51.4866666666667,"MA",31,"6",2,NA,NA
"C41790",5,73.438,"NY",52,"3",2,"4 Somewhat Satisfied","5 Very Satisfied"
"C41792",5,21.658,"VT",66,"2",1,NA,NA
"C41794",3,56.0333333333333,"VT",35,"6",4,NA,NA
"C41795",7,97.2257142857143,"MA",31,"6",5,NA,NA
"C41797",3,87.26,"MA",26,"8",2,NA,NA
"C41798",2,31.07,"MA",69,"7",0,NA,NA
"C41800",5,50.962,"MA",54,"9",1,NA,NA
"C41803",3,96.39,"MA",30,"3",0,NA,NA
"C41805",7,42.6357142857143,"VT",53,"12",1,"5 Very Satisfied","5 Very Satisfied"
"C41806",6,70.445,"MA",41,"7",1,"5 Very Satisfied","4 Somewhat Satisfied"
"C41810",1,33.72,"MA",38,"11",0,NA,NA
"C41811",4,72.675,"MA",24,"8",4,NA,NA
"C41813",5,58.652,"VT",35,"5",1,NA,NA
"C41815",7,49.2571428571429,"VT",23,"3",4,"5 Very Satisfied","5 Very Satisfied"
"C41817",1,39.36,"VT",45,"7",1,NA,NA
"C41818",4,70.0525,"MA",66,"4",0,"3 Neutral","5 Very Satisfied"
"C41820",3,68.4766666666667,"NY",73,"7",1,"2 Somewhat Unsatisfied","4 Somewhat Satisfied"
"C41826",2,68.85,"MA",35,"11",0,NA,NA
"C41827",6,48.07,"VT",51,"11",0,NA,NA
"C41828",6,44.3183333333333,"VT",27,"5",1,"4 Somewhat Satisfied","5 Very Satisfied"
"C41831",2,81.6,"MA",54,"9",0,NA,NA
"C41832",2,35.385,"VT",35,"1",2,NA,NA
"C41833",11,37.7481818181818,"MA",65,"1",1,"4 Somewhat Satisfied","4 Somewhat Satisfied"
"C41834",3,62.87,"VT",65,"2",5,NA,NA
"C41836",3,100.4,"MA",27,"2",0,NA,NA
"C41838",3,35.4166666666667,"MA",64,"3",4,"2 Somewhat Unsatisfied","3 Neutral"
"C41839",1,67.5,"VT",27,"3",3,NA,NA
"C41840",4,68.38,"MA",33,"6",2,NA,NA
"C41843",4,39.405,"CT",22,"11",0,"5 Very Satisfied","3 Neutral"
"C41844",2,62.52,"MA",56,"3",1,NA,NA
"C41846",2,52.9,"CT",34,"8",1,NA,NA
"C41850",2,63.115,"NY",33,"9",1,NA,NA
"C41852",5,59.472,"MA",26,"9",0,NA,NA
"C41855",2,107.98,"MA",27,"2",0,NA,NA
"C41857",7,29.1071428571429,"MA",46,"5",0,NA,NA
"C41860",6,49.0216666666667,"MA",44,"12",1,NA,NA
"C41861",6,54.5416666666667,"MA",32,"5",0,"2 Somewhat Unsatisfied","4 Somewhat Satisfied"
"C41863",5,51.508,"MA",31,"8",4,NA,NA
"C41867",1,39.35,"VT",34,"12",0,NA,NA
"C41868",2,82.8,"MA",32,"6",0,NA,NA
"C41870",3,55.57,"MA",32,"9",1,"4 Somewhat Satisfied","3 Neutral"
"C41871",3,82.8066666666667,"MA",60,"3",3,NA,NA
"C41873",5,44.502,"MA",72,"2",1,NA,NA
"C41878",4,33.0125,"MA",32,"5",2,NA,NA
"C41879",7,74.86,"MA",30,"2",0,NA,NA
"C41880",3,49.2633333333333,"VT",36,"2",1,NA,NA
"C41881",7,72.6,"MA",63,"4",3,NA,NA
"C41883",2,81.6,"MA",39,"2",1,NA,NA
"C41885",4,68.7125,"VT",71,"4",0,NA,NA
"C41886",6,55.64,"MA",33,"10",0,NA,NA
"C41890",4,71.16,"MA",31,"8",3,"3 Neutral","4 Somewhat Satisfied"
"C41892",4,56.16,"MA",35,"6",0,NA,NA
"C41895",6,57.715,"RI",46,"2",4,NA,NA
"C41896",3,93.9066666666667,"MA",25,"9",5,NA,NA
"C41901",5,49.464,"MA",67,"9",1,NA,NA
"C41902",5,83.056,"VT",34,"1",4,"2 Somewhat Unsatisfied","3 Neutral"
"C41905",6,64.635,"VT",23,"7",2,"5 Very Satisfied","4 Somewhat Satisfied"
"C41906",2,30.6,"MA",35,"7",4,NA,NA
"C41907",6,53.0766666666667,"MA",45,"8",0,NA,NA
"C41909",3,68.66,"MA",50,"3",3,NA,NA
"C41910",6,58.4916666666667,"VT",25,"5",0,NA,NA
"C41914",7,78.1471428571429,"VT",33,"5",1,"3 Neutral","3 Neutral"
"C41917",1,43.75,"MA",41,"2",0,NA,NA
"C41918",2,72.6,"MA",51,"3",0,NA,NA
"C41920",4,88.35,"MA",25,"9",0,NA,NA
"C41921",5,42.57,"MA",33,"10",0,NA,NA
"C41922",8,69.99,"RI",40,"2",0,"4 Somewhat Satisfied","4 Somewhat Satisfied"
"C41928",3,18.31,"MA",33,"9",0,NA,NA
"C41929",5,81.12,"VT",40,"3",1,NA,NA
"C41931",3,57.1233333333333,"VT",38,"3",0,NA,NA
"C41935",2,79.32,"VT",22,"12",0,NA,NA
"C41937",1,83.45,"VT",39,"11",5,NA,NA
"C41940",4,100.2825,"MA",34,"8",4,"4 Somewhat Satisfied","4 Somewhat Satisfied"
"C41941",2,54.6,"MA",33,"9",0,NA,NA
"C41942",3,98.44,"MA",38,"3",1,NA,NA
"C41945",4,61.8125,"MA",42,"4",1,"3 Neutral","4 Somewhat Satisfied"
"C41946",1,25.29,"VT",55,"10",3,NA,NA
"C41948",3,28.9333333333333,"MA",36,"3",0,NA,NA
"C41950",4,73.1825,"VT",29,"10",0,NA,NA
"C41951",4,38.925,"MA",75,"11",4,"4 Somewhat Satisfied","5 Very Satisfied"
"C41953",1,28.1,"MA",28,"12",4,NA,NA
"C41954",2,64.8,"MA",74,"2",0,"3 Neutral","4 Somewhat Satisfied"
"C41955",3,95.3433333333333,"MA",35,"10",1,NA,NA
"C41956",7,64.01,"MA",35,"8",1,NA,NA
"C41958",4,46.85,"MA",29,"8",1,NA,NA
"C41959",1,23.1,"MA",42,"2",0,NA,NA
"C41960",1,42.94,"VT",39,"5",4,NA,NA
"C41962",3,18.6966666666667,"MA",24,"10",0,NA,NA
"C41963",6,80.4583333333333,"VT",26,"2",0,NA,NA
"C41967",4,66.2,"MA",29,"11",2,"3 Neutral","4 Somewhat Satisfied"
"C41968",2,95.28,"RI",56,"3",3,NA,NA
"C41969",1,43.5,"VT",27,"1",0,"3 Neutral","4 Somewhat Satisfied"
"C41973",3,66.82,"MA",29,"11",1,NA,NA
"C41974",5,56.702,"MA",32,"12",3,NA,NA
"C41977",1,86.4,"MA",48,"9",2,NA,NA
"C41978",2,71.22,"MA",41,"4",0,NA,NA
"C41980",3,58.6666666666667,"VT",39,"11",4,NA,NA
"C41982",3,64.7933333333333,"MA",28,"12",2,NA,NA
"C41984",6,25.995,"VT",54,"6",3,"2 Somewhat Unsatisfied","3 Neutral"
"C41993",4,69.1925,"MA",71,"7",1,NA,NA
"C41996",4,57.1875,"MA",44,"4",1,"5 Very Satisfied","5 Very Satisfied"
"C41997",2,42.405,"NY",31,"8",0,NA,NA
"C41999",3,48.9166666666667,"MA",29,"10",0,"3 Neutral","3 Neutral"
"C42000",2,81,"MA",64,"3",0,NA,NA
"C42002",1,40.5,"MA",72,"10",0,NA,NA
"C42005",3,82.3066666666667,"VT",23,"8",1,NA,NA
"C42006",4,44.855,"MA",23,"11",0,NA,NA
"C42008",2,50.74,"VT",75,"10",2,NA,NA
"C42009",1,30.33,"MA",37,"6",5,NA,NA
"C42010",1,101.5,"VT",32,"6",0,"2 Somewhat Unsatisfied","3 Neutral"
"C42011",1,112.2,"VT",69,"1",4,NA,NA
"C42012",1,28.8,"VT",26,"3",0,NA,NA
"C42014",8,41.39875,"MA",24,"6",0,NA,NA
"C42017",2,94.5,"NY",38,"1",0,NA,NA
"C42020",9,28.4944444444444,"MA",75,"4",1,"5 Very Satisfied","4 Somewhat Satisfied"
"C42021",2,37.8,"MA",31,"7",2,NA,NA
"C42023",8,56.56,"VT",31,"9",1,NA,NA
"C42024",4,73.59,"NY",68,"3",0,"3 Neutral","4 Somewhat Satisfied"
"C42026",4,57.52,"VT",41,"3",4,NA,NA
"C42028",1,93.24,"RI",26,"10",0,NA,NA
"C42029",1,40.5,"VT",22,"8",3,"2 Somewhat Unsatisfied","3 Neutral"
"C42034",3,60.2033333333333,"MA",75,"5",1,NA,NA
"C42035",6,26.1116666666667,"VT",23,"10",0,NA,NA
"C42036",8,62.8275,"MA",26,"1",4,"3 Neutral","5 Very Satisfied"
"C42038",4,48.8425,"MA",35,"11",1,"4 Somewhat Satisfied","3 Neutral"
"C42039",4,65.915,"CT",28,"7",0,NA,NA
"C42040",3,53.2433333333333,"MA",53,"7",2,"2 Somewhat Unsatisfied","3 Neutral"
"C42041",7,80.82,"MA",61,"1",3,NA,NA
"C42042",5,46.1,"MA",35,"8",0,"2 Somewhat Unsatisfied","3 Neutral"
"C42043",1,82.67,"VT",73,"9",1,NA,NA
"C42044",2,61.495,"VT",38,"11",2,"4 Somewhat Satisfied","5 Very Satisfied"
"C42046",4,32.4375,"VT",44,"1",0,NA,NA
"C42049",7,52.8014285714286,"VT",22,"11",1,NA,NA
"C42050",2,76.95,"MA",24,"3",0,NA,NA
"C42052",3,67.94,"MA",29,"2",4,"5 Very Satisfied","4 Somewhat Satisfied"
"C42056",3,36.4866666666667,"MA",34,"7",1,"5 Very Satisfied","5 Very Satisfied"
"C42057",2,121.095,"MA",61,"11",0,NA,NA
"C42060",2,31.485,"MA",74,"11",4,NA,NA
"C42061",2,102.45,"RI",65,"11",1,NA,NA
"C42064",2,78.75,"MA",43,"2",2,NA,NA
"C42065",2,50.875,"MA",61,"9",1,NA,NA
"C42068",3,82.2,"CT",29,"4",5,NA,NA
"C42069",6,85.5266666666667,"TX",35,"11",3,NA,NA
"C42073",1,85.79,"MA",30,"11",1,"4 Somewhat Satisfied","3 Neutral"
"C42074",7,60.6728571428571,"VT",27,"7",0,NA,NA
"C42076",2,70.88,"MA",54,"3",5,NA,NA
"C42079",3,63,"NY",30,"7",0,NA,NA
"C42081",4,58.4275,"MA",46,"7",0,"4 Somewhat Satisfied","3 Neutral"
"C42085",1,108,"MA",41,"3",1,NA,NA
"C42088",4,74.51,"MA",35,"3",0,"3 Neutral","4 Somewhat Satisfied"
"C42090",3,57.8566666666667,"MA",73,"11",0,NA,NA
"C42091",4,54.37,"MA",33,"11",0,"5 Very Satisfied","3 Neutral"
"C42093",2,65.58,"MA",36,"8",2,NA,NA
"C42094",5,49.88,"MA",69,"11",0,NA,NA
"C42096",6,57.8566666666667,"NY",68,"9",3,NA,NA
"C42099",3,16.85,"MA",29,"1",3,NA,NA
"C42101",3,91.8,"MA",65,"11",2,"3 Neutral","4 Somewhat Satisfied"
"C42106",7,74.9228571428571,"MA",32,"3",0,"2 Somewhat Unsatisfied","5 Very Satisfied"
"C42107",2,98.4,"MA",44,"7",2,"5 Very Satisfied","5 Very Satisfied"
"C42110",11,58.0563636363636,"MA",56,"2",1,NA,NA
"C42111",1,33.7,"VT",41,"8",5,NA,NA
"C42113",5,60.86,"MA",70,"2",0,"4 Somewhat Satisfied","5 Very Satisfied"
"C42115",3,34.28,"CT",25,"10",2,"3 Neutral","5 Very Satisfied"
"C42123",3,51.5266666666667,"MA",28,"3",1,NA,NA
"C42125",1,7.49,"VT",50,"5",5,NA,NA
"C42126",6,43.3466666666667,"MA",40,"10",1,"5 Very Satisfied","5 Very Satisfied"
"C42127",2,35.425,"MA",37,"9",0,NA,NA
"C42128",3,95.25,"MA",41,"12",0,NA,NA
"C42131",4,29.99,"MA",30,"12",0,NA,NA
"C42132",4,77.0775,"RI",29,"7",1,NA,NA
"C42134",1,67.5,"MA",34,"3",2,NA,NA
"C42136",2,157.83,"MA",39,"6",4,NA,NA
"C42137",2,3.735,"MA",31,"8",0,NA,NA
"C42140",5,84.596,"MA",47,"8",1,NA,NA
"C42141",2,30.245,"MA",71,"5",2,"3 Neutral","5 Very Satisfied"
"C42143",1,122.4,"MA",25,"3",1,NA,NA
"C42145",8,46.32625,"MA",27,"10",5,"2 Somewhat Unsatisfied","5 Very Satisfied"
"C42146",5,79.974,"MA",28,"1",0,NA,NA
"C42152",3,32.2433333333333,"MA",27,"10",5,NA,NA
"C42154",4,99.3,"MA",34,"5",0,NA,NA
"C42155",2,59.96,"MA",30,"8",0,NA,NA
"C42156",2,23.605,"MA",60,"7",0,"3 Neutral","5 Very Satisfied"
"C42157",4,32.7775,"MA",28,"12",1,NA,NA
"C42158",6,64.13,"MA",40,"11",0,NA,NA
"C42159",5,90.18,"MA",61,"11",0,NA,NA
"C42160",1,37.47,"MA",29,"1",5,NA,NA
"C42163",3,42.13,"RI",30,"12",3,NA,NA
"C42167",2,101.25,"MA",65,"11",5,NA,NA
"C42168",3,57.5666666666667,"CA",26,"3",0,"5 Very Satisfied","5 Very Satisfied"
"C42169",6,96.125,"TX",23,"8",1,NA,NA
"C42171",1,36.52,"VT",29,"4",2,NA,NA
"C42172",5,58.374,"MA",34,"6",1,"3 Neutral","3 Neutral"
"C42173",1,16.17,"MA",33,"1",4,NA,NA
"C42174",4,94.035,"VT",54,"9",1,NA,NA
"C42177",6,68.01,"MA",38,"1",2,"4 Somewhat Satisfied","4 Somewhat Satisfied"
"C42178",4,66.7225,"VT",37,"12",0,NA,NA
"C42179",7,39.4942857142857,"VT",25,"1",0,NA,NA
"C42183",2,59.655,"MA",30,"3",2,NA,NA
"C42189",4,58.0675,"MA",26,"11",1,NA,NA
"C42191",5,69.86,"MA",74,"7",0,"4 Somewhat Satisfied","4 Somewhat Satisfied"
"C42193",3,68.4,"CA",25,"9",1,"4 Somewhat Satisfied","4 Somewhat Satisfied"
"C42194",2,81,"MA",62,"8",1,NA,NA
"C42195",2,82.125,"MA",26,"4",4,NA,NA
"C42196",4,38.565,"VT",43,"11",5,NA,NA
"C42198",1,60.94,"MA",34,"5",5,NA,NA
"C42199",3,47.33,"VT",34,"12",5,NA,NA
"C42200",2,26.59,"MA",28,"12",1,NA,NA
"C42201",2,25.585,"VT",38,"2",1,NA,NA
"C42209",1,144,"MA",22,"11",1,NA,NA
"C42210",2,24.36,"CT",25,"4",2,NA,NA
"C42211",4,60.025,"CT",64,"3",1,"5 Very Satisfied","4 Somewhat Satisfied"
"C42214",3,23.1966666666667,"VT",33,"4",5,"3 Neutral","3 Neutral"
"C42216",1,56.25,"VT",23,"9",0,NA,NA
"C42218",2,24.185,"MA",64,"6",5,NA,NA
"C42219",2,56.785,"MA",60,"10",4,NA,NA
"C42221",7,41.5857142857143,"MA",31,"1",0,NA,NA
"C42222",6,57.2016666666667,"MA",48,"2",2,"5 Very Satisfied","5 Very Satisfied"
"C42223",1,24.3,"MA",59,"12",5,NA,NA
"C42226",5,62.156,"MA",26,"11",5,"3 Neutral","5 Very Satisfied"
"C42227",5,75.188,"MA",43,"2",0,NA,NA
"C42229",1,54,"MA",25,"10",4,NA,NA
"C42232",4,68.915,"MA",32,"12",0,NA,NA
"C42233",2,27.49,"MA",38,"6",1,"3 Neutral","3 Neutral"
"C42235",1,52.47,"MA",37,"10",1,NA,NA
"C42236",1,34.45,"MA",71,"7",1,NA,NA
"C42239",1,75,"MA",34,"10",1,NA,NA
"C42241",3,67.9966666666667,"MA",30,"3",0,NA,NA
"C42242",5,73.438,"MA",34,"11",4,"3 Neutral","4 Somewhat Satisfied"
"C42243",3,97.0833333333333,"VT",39,"10",5,NA,NA
"C42244",5,43.238,"MA",33,"1",5,NA,NA
"C42247",2,124.71,"MA",31,"7",0,NA,NA
"C42248",4,65.5025,"MA",25,"3",0,"3 Neutral","3 Neutral"
"C42250",6,54.4266666666667,"VT",35,"11",4,NA,NA
"C42253",4,49.8325,"CA",23,"8",1,"4 Somewhat Satisfied","5 Very Satisfied"
"C42255",5,81.864,"VT",59,"5",0,"5 Very Satisfied","5 Very Satisfied"
"C42258",3,38.5833333333333,"CA",31,"3",3,NA,NA
"C42259",1,20.25,"VT",32,"4",0,"3 Neutral","5 Very Satisfied"
"C42260",1,36.5,"VT",36,"3",5,NA,NA
"C42262",1,90.36,"MA",43,"8",5,NA,NA
"C42263",2,94.725,"MA",63,"5",0,NA,NA
"C42265",6,103.736666666667,"MA",41,"4",3,NA,NA
"C42266",8,47.405,"VT",34,"7",1,NA,NA
"C42268",3,41.2266666666667,"MA",60,"1",1,"2 Somewhat Unsatisfied","5 Very Satisfied"
"C42269",4,50.3875,"MA",73,"2",1,NA,NA
"C42271",4,28.1775,"MA",25,"3",0,"5 Very Satisfied","4 Somewhat Satisfied"
"C42272",2,52.865,"MA",60,"11",5,"5 Very Satisfied","5 Very Satisfied"
"C42275",1,44,"MA",29,"6",0,NA,NA
"C42276",6,63.7233333333333,"VT",29,"5",3,NA,NA
"C42277",4,83.7675,"MA",66,"10",0,NA,NA
"C42280",1,96,"MA",22,"12",0,NA,NA
"C42281",3,72.4866666666667,"MA",63,"3",1,NA,NA
"C42282",3,46.4766666666667,"MA",23,"2",3,NA,NA
"C42288",3,42.4733333333333,"MA",30,"6",1,NA,NA
"C42289",2,68.05,"CT",41,"4",3,NA,NA
"C42291",5,67.484,"VT",24,"4",4,NA,NA
"C42292",5,71.8,"MA",69,"7",1,NA,NA
"C42294",3,87.3,"VT",24,"2",1,"3 Neutral","4 Somewhat Satisfied"
"C42295",4,65.035,"VT",24,"3",0,NA,NA
"C42296",3,61.6833333333333,"MA",36,"8",0,"3 Neutral","5 Very Satisfied"
"C42297",2,85.245,"VT",46,"2",5,NA,NA
"C42300",5,94.33,"MA",25,"7",0,NA,NA
"C42301",2,91.8,"MA",60,"3",4,NA,NA
"C42302",3,51,"MA",35,"1",1,NA,NA
"C42304",4,71.825,"CA",34,"5",2,NA,NA
"C42305",1,29.41,"CT",70,"3",1,NA,NA
"C42306",3,44.9333333333333,"VT",26,"9",1,NA,NA
"C42310",3,68.14,"MA",37,"3",0,NA,NA
"C42311",5,34.882,"MA",46,"6",0,NA,NA
"C42313",1,59.85,"MA",43,"8",1,NA,NA
"C42314",4,94.07,"MA",34,"11",2,"2 Somewhat Unsatisfied","5 Very Satisfied"
"C42318",5,59.602,"VT",34,"12",4,NA,NA
"C42319",1,108,"VT",26,"9",1,NA,NA
"C42322",6,73.78,"MA",30,"8",2,NA,NA
"C42325",4,85.705,"MA",25,"1",4,NA,NA
"C42327",2,48.125,"MA",27,"7",1,NA,NA
"C42329",1,61.25,"CT",72,"6",0,NA,NA
"C42331",5,53.992,"MA",33,"11",3,NA,NA
"C42332",1,75.73,"VT",22,"9",4,NA,NA
"C42333",5,89.182,"MA",29,"11",0,"5 Very Satisfied","4 Somewhat Satisfied"
"C42334",4,57.1825,"CA",73,"5",0,NA,NA
"C42337",3,83.9666666666667,"CT",34,"12",1,NA,NA
"C42339",4,39.005,"RI",35,"10",5,NA,NA
"C42340",1,54,"MA",30,"2",0,NA,NA
"C42341",1,97.2,"MA",22,"5",0,NA,NA
"C42342",6,57.015,"VT",66,"12",0,"4 Somewhat Satisfied","4 Somewhat Satisfied"
"C42343",1,84.62,"MA",75,"10",2,"5 Very Satisfied","5 Very Satisfied"
"C42345",2,78.75,"CT",60,"7",2,NA,NA
"C42346",2,86.4,"VT",54,"11",1,NA,NA
"C42347",2,52.075,"VT",46,"10",4,NA,NA
"C42348",2,50.13,"MA",35,"2",5,NA,NA
"C42349",1,124.38,"VT",34,"9",0,"4 Somewhat Satisfied","5 Very Satisfied"
"C42351",1,90.72,"MA",32,"11",1,"2 Somewhat Unsatisfied","5 Very Satisfied"
"C42353",5,72.662,"MA",45,"11",0,"3 Neutral","3 Neutral"
"C42355",5,51.87,"MA",47,"6",0,NA,NA
"C42356",1,118.2,"MA",30,"10",3,"2 Somewhat Unsatisfied","3 Neutral"
"C42359",3,43.8166666666667,"MA",64,"10",0,NA,NA
"C42360",4,36.775,"MA",23,"4",0,NA,NA
"C42365",3,71.0266666666667,"CA",32,"1",1,NA,NA
"C42368",2,122.4,"VT",24,"1",0,NA,NA
"C42370",8,40.76625,"MA",51,"12",5,"5 Very Satisfied","4 Somewhat Satisfied"
"C42371",2,69.075,"MA",29,"8",0,NA,NA
"C42372",1,105,"CT",35,"10",0,NA,NA
"C42373",7,48.7028571428571,"MA",25,"4",1,NA,NA
"C42374",2,35.87,"MA",24,"1",0,NA,NA
"C42377",5,68.736,"MA",35,"3",0,"5 Very Satisfied","4 Somewhat Satisfied"
"C42378",1,28.1,"MA",73,"12",1,NA,NA
"C42380",2,24,"MA",39,"3",1,NA,NA
"C42382",2,17.71,"MA",33,"10",2,NA,NA
"C42383",2,64.125,"MA",44,"1",0,NA,NA
"C42387",13,51.8176923076923,"MA",22,"8",1,"3 Neutral","4 Somewhat Satisfied"
"C42389",1,108,"MA",67,"9",0,"2 Somewhat Unsatisfied","3 Neutral"
"C42390",4,3.735,"VT",58,"4",1,NA,NA
"C42392",6,56.7733333333333,"MA",66,"5",0,NA,NA
"C42393",6,58.2733333333333,"CA",29,"3",1,NA,NA
"C42394",2,31.455,"NY",22,"7",3,NA,NA
"C42398",1,87.41,"VT",29,"1",3,"3 Neutral","3 Neutral"
"C42399",2,94.17,"MA",36,"4",3,"3 Neutral","5 Very Satisfied"
"C42401",1,17.46,"VT",43,"1",5,NA,NA
"C42404",3,53.3333333333333,"MA",25,"8",5,NA,NA
"C42405",6,81.195,"VT",28,"12",0,"5 Very Satisfied","4 Somewhat Satisfied"
"C42409",4,7.8625,"MA",51,"5",0,NA,NA
"C42411",4,38.53,"MA",34,"7",2,"1 Very Unsatisfied","2 Somewhat Unsatisfied"
"C42419",1,27,"MA",40,"9",0,NA,NA
"C42425",6,73.8566666666667,"MA",30,"1",4,"2 Somewhat Unsatisfied","4 Somewhat Satisfied"
"C42426",4,66.3925,"VT",35,"1",1,NA,NA
"C42427",1,59.54,"MA",41,"6",0,NA,NA
"C42429",2,63.45,"RI",65,"11",0,NA,NA
"C42432",1,44.75,"MA",34,"3",3,NA,NA
"C42433",2,22.72,"MA",35,"11",1,NA,NA
"C42435",2,86.96,"VT",40,"1",0,NA,NA
"C42439",2,68.985,"MA",70,"5",0,"5 Very Satisfied","4 Somewhat Satisfied"
"C42441",4,55.8275,"CT",24,"12",4,NA,NA
"C42443",1,33,"VT",22,"8",0,"3 Neutral","3 Neutral"
"C42444",1,77,"VT",34,"6",0,NA,NA
"C42447",2,68.705,"CT",26,"10",5,NA,NA
"C42451",3,58.8,"MA",53,"10",0,"2 Somewhat Unsatisfied","2 Somewhat Unsatisfied"
"C42452",4,32.06,"CT",40,"3",3,NA,NA
"C42465",3,50.78,"MA",75,"9",0,NA,NA
"C42467",6,50.405,"MA",23,"11",0,"5 Very Satisfied","4 Somewhat Satisfied"
"C42468",2,90.52,"VT",24,"6",4,NA,NA
"C42470",1,54,"MA",39,"10",1,NA,NA
"C42471",6,73.0216666666667,"MA",55,"4",2,NA,NA
"C42474",5,69.142,"MA",32,"11",5,NA,NA
"C42477",3,48.75,"MA",37,"12",0,NA,NA
"C42478",1,24.98,"MA",27,"12",5,NA,NA
"C42480",2,15.99,"MA",24,"2",1,NA,NA
"C42483",2,42.605,"CT",62,"5",0,NA,NA
"C42484",3,80.3,"MA",43,"11",4,NA,NA
"C42485",1,84.15,"RI",31,"4",0,NA,NA
"C42486",2,62.695,"MA",55,"4",1,NA,NA
"C42488",5,42.446,"VT",40,"4",3,"4 Somewhat Satisfied","4 Somewhat Satisfied"
"C42490",3,50.19,NA,NA,NA,NA,NA,NA
"C42492",2,109.5,"VT",36,"10",4,NA,NA
"C42493",4,30.82,"VT",34,"12",5,NA,NA
"C42496",5,34.91,"VT",26,"5",4,"5 Very Satisfied","4 Somewhat Satisfied"
"NA",5320,60.8497593984962,NA,NA,NA,NA,NA,NA
